rank,name,genre,esrb_rating,platform,publisher,developer,global_sales,na_sales,pal_sales,jp_sales,other_sales,year,critic_score,user_score
108,Grand Theft Auto V,Action,M,Xbox One,Rockstar Games,Rockstar North,8.72,4.7,3.25,0.01,0.76,2014,97.0,7.9
135,Call of Duty: Black Ops 3,Shooter,M,Xbox One,Activision,Treyarch,7.37,4.63,2.04,0.02,0.68,2015,,
173,Call of Duty: WWII,Shooter,M,Xbox One,Activision,Sledgehammer Games,6.23,3.75,1.91,,0.57,2017,,
189,Red Dead Redemption 2,Action-Adventure,M,Xbox One,Rockstar Games,Rockstar Games,5.77,3.76,1.47,,0.54,2018,,
212,Minecraft,Misc,E10,Xbox One,Microsoft Studios,Mojang,5.43,3.23,1.71,,0.49,2014,,
230,Call of Duty: Advanced Warfare,Shooter,M,Xbox One,Activision,Sledgehammer Games,5.22,3.25,1.49,0.01,0.48,2014,81.0,5.4
239,Battlefield 1,Shooter,M,Xbox One,Electronic Arts,EA DICE,5.13,3.37,1.26,0.02,0.48,2016,87.0,8.2
251,Fallout 4,Role-Playing,M,Xbox One,Bethesda Softworks,Bethesda Game Studios,5.03,2.94,1.62,0.02,0.45,2015,88.0,6.2
259,Halo 5: Guardians,Shooter,T,Xbox One,Microsoft Studios,343 Industries,5.0,,,,,2015,84.0,6.4
272,Call of Duty: Black Ops IIII,Shooter,M,Xbox One,Activision,Treyarch,4.85,3.27,1.12,,0.46,2018,,
276,Call of Duty: Infinite Warfare,Shooter,M,Xbox One,Activision,Infinity Ward,4.79,2.91,1.44,,0.44,2016,78.0,3.1
349,Star Wars Battlefront (2015),Shooter,T,Xbox One,Electronic Arts,EA DICE,4.15,2.49,1.26,0.02,0.38,2015,,
408,FIFA 17,Sports,E,Xbox One,Electronic Arts,EA Canada,3.71,1.04,2.4,,0.27,2016,84.0,5.5
425,Gears of War: Ultimate Edition,Shooter,M,Xbox One,Microsoft Studios,The Coalition,3.62,2.88,0.37,,0.37,2015,82.0,7.5
432,Assassin's Creed: Unity,Action,M,Xbox One,Ubisoft,Ubisoft Montreal,3.58,2.34,0.9,0.0,0.34,2014,72.0,4.1
465,Halo: The Master Chief Collection,Shooter,M,Xbox One,Microsoft Studios,343 Industries,3.44,2.06,1.04,0.03,0.31,2014,85.0,7.2
471,Destiny,Shooter,T,Xbox One,Activision,Bungie,3.41,2.17,0.92,,0.32,2014,75.0,5.5
477,Gears of War 4,Shooter,M,Xbox One,Microsoft Studios,The Coalition,3.38,2.17,0.9,,0.32,2016,84.0,6.2
506,FIFA 16,Sports,E,Xbox One,EA Sports,EA Canada,3.25,0.92,2.1,,0.24,2015,84.0,4.4
526,FIFA 18,Sports,E,Xbox One,EA Sports,EA Vancouver,3.14,0.98,1.92,,0.23,2017,,
536,Titanfall,Shooter,M,Xbox One,Electronic Arts,Respawn Entertainment,3.11,1.88,0.91,0.04,0.28,2014,86.0,6.4
545,Call of Duty: Ghosts,Shooter,M,Xbox One,Activision,Infinity Ward,3.07,1.92,0.86,,0.28,2013,78.0,4.3
658,Overwatch,Shooter,T,Xbox One,Blizzard Entertainment,Blizzard Entertainment,2.72,1.63,0.84,,0.25,2016,91.0,5.6
662,Tom Clancy's Rainbow Six: Siege,Shooter,M,Xbox One,Ubisoft,Ubisoft Montreal,2.71,1.62,0.84,,0.25,2015,74.0,6.9
696,Dead Rising 3,Action,M,Xbox One,Microsoft Studios,Capcom,2.6,,,,,2013,78.0,6.8
703,Tom Clancy's The Division,Shooter,M,Xbox One,Ubisoft,Massive Entertainment,2.59,1.54,0.82,,0.24,2016,80.0,6.9
736,Forza Horizon 3,Racing,E,Xbox One,Microsoft Studios,Playground Games,2.5,,,,,2016,91.0,7.4
748,Assassin's Creed Origins,Action,M,Xbox One,Ubisoft,Ubisoft Montreal,2.47,1.34,0.92,,0.22,2017,,
755,Madden NFL 16,Sports,E,Xbox One,EA Sports,EA Tiburon,2.47,2.13,0.08,,0.26,2015,84.0,6.1
760,Madden NFL 17,Sports,E,Xbox One,EA Sports,EA Tiburon,2.44,2.14,0.04,,0.26,2016,83.0,5.9
775,NBA 2K16,Sports,E10,Xbox One,2K Sports,Visual Concepts,2.41,2.01,0.15,,0.25,2015,86.0,6.2
779,Forza Motorsport 5,Racing,E,Xbox One,Microsoft Studios,Turn 10 Studios,2.4,1.28,0.9,0.01,0.21,2013,79.0,5.9
809,Destiny 2,Shooter,T,Xbox One,Activision,Bungie,2.35,1.66,0.47,,0.23,2017,,
822,Assassin's Creed IV: Black Flag,Action,M,Xbox One,Ubisoft,Ubisoft Montreal,2.32,1.51,0.59,,0.22,2013,,7.4
871,FIFA 19,Sports,E,Xbox One,Electronic Arts,EA Sports,2.22,0.56,1.5,,0.16,2018,,
890,FIFA 15,Sports,E,Xbox One,EA Sports,EA Canada,2.19,0.64,1.39,,0.16,2014,82.0,5.4
906,PlayerUnknown's Battlegrounds,Shooter,T,Xbox One,Microsoft Studios,PUBG Corporation,2.17,1.29,0.69,,0.2,2017,,
942,Battlefield 4,Shooter,M,Xbox One,Electronic Arts,EA DICE,2.09,1.26,0.65,,0.19,2013,81.0,6.6
991,NBA 2K17,Sports,E,Xbox One,2K Sports,Visual Concepts,2.04,1.7,0.12,,0.21,2016,90.0,6.2
1002,NBA 2K18,Sports,E10,Xbox One,2K Sports,Visual Concepts,2.02,1.67,0.14,,0.21,2017,,
1070,Star Wars Battlefront II (2017),Shooter,T,Xbox One,Electronic Arts,EA DICE,1.92,1.15,0.59,,0.17,2017,,
1077,Madden NFL 18,Sports,E,Xbox One,EA Sports,EA Tiburon,1.91,1.63,0.07,,0.2,2017,,
1123,Forza Horizon 4,Racing,E,Xbox One,Microsoft Studios,Playground Games,1.84,0.74,0.95,0.01,0.15,2018,,
1131,The Elder Scrolls V: Skyrim Special Edition,Role-Playing,M,Xbox One,Bethesda Softworks,Bethesda Softworks,1.83,1.13,0.53,,0.17,2016,,
1167,Far Cry 5,Action,M,Xbox One,Ubisoft,Ubisoft Montreal,1.78,1.14,0.47,,0.17,2018,,
1202,Mortal Kombat X,Fighting,M,Xbox One,Warner Bros. Interactive Entertainment,NetherRealm Studios,1.74,1.34,0.23,,0.18,2015,86.0,7.3
1206,NBA 2K15,Sports,E,Xbox One,2K Sports,Visual Concepts,1.74,1.39,0.18,,0.18,2014,82.0,6.3
1208,The Witcher 3: Wild Hunt,Role-Playing,M,Xbox One,Warner Bros. Interactive Entertainment,CD Projekt Red Studio,1.74,0.97,0.61,0.01,0.15,2015,91.0,9.2
1209,NBA 2K19,Sports,E,Xbox One,2K Sports,Visual Concepts,1.74,1.47,0.08,,0.18,2018,,
1271,Far Cry 4,Shooter,M,Xbox One,Ubisoft,Ubisoft Montreal,1.68,0.85,0.68,0.02,0.14,2014,82.0,7.5
1314,Watch Dogs,Action-Adventure,M,Xbox One,Ubisoft,Ubisoft Montreal,1.64,0.91,0.59,,0.15,2014,78.0,5.8
1345,Tom Clancy's Ghost Recon Wildlands,Shooter,M,Xbox One,Ubisoft,Ubisoft Paris,1.61,0.98,0.48,,0.15,2017,,
1349,Madden NFL 15,Sports,E,Xbox One,EA Sports,EA Tiburon,1.6,1.34,0.1,,0.17,2014,80.0,6.4
1384,Batman: Arkham Knight,Action,M,Xbox One,Warner Bros. Interactive Entertainment,Rocksteady Studios,1.58,0.97,0.46,,0.14,2015,85.0,6.6
1413,Battlefield V,Shooter,M,Xbox One,Electronic Arts,EA DICE,1.55,1.05,0.35,,0.15,2018,,
1446,Forza Motorsport 7,Racing,E,Xbox One,Microsoft Studios,Turn 10 Studios,1.52,0.58,0.81,0.01,0.12,2017,,
1466,Madden NFL 19,Sports,,Xbox One,EA Sports,EA Tiburon,1.51,1.33,0.02,,0.16,2018,,
1475,ARK: Survival Evolved,Action-Adventure,T,Xbox One,Studio Wildcard,Studio Wildcard,1.5,,,,,2017,,
1530,Dying Light,Action,M,Xbox One,Warner Bros. Interactive Entertainment,Techland,1.47,1.01,0.31,0.01,0.14,2016,74.0,7.8
1532,Ryse: Son of Rome,Action,M,Xbox One,Microsoft Studios,Crytek,1.47,0.84,0.49,0.0,0.13,2013,60.0,6.1
1535,Forza Horizon 2,Racing,E10,Xbox One,Microsoft Studios,Playground Games,1.46,0.56,0.79,0.01,0.11,2014,86.0,8.2
1559,Doom (2016),Shooter,,Xbox One,Bethesda Softworks,id Software,1.45,0.76,0.57,,0.13,2016,,
1564,Assassin's Creed Syndicate,Action,M,Xbox One,Ubisoft,Ubisoft Quebec,1.44,0.71,0.61,,0.12,2015,78.0,6.1
1587,Middle-Earth: Shadow of Mordor,Action,M,Xbox One,Warner Bros. Interactive Entertainment,Monolith Productions,1.42,0.77,0.52,0.01,0.12,2014,87.0,8.0
1640,Assassin's Creed Odyssey,Action-Adventure,M,Xbox One,Ubisoft,Ubisoft Quebec,1.39,0.91,0.35,,0.13,2018,,
1647,Rocket League,Sports,E,Xbox One,505 Games,Psyonix Studios,1.38,0.52,0.75,,0.11,2016,87.0,8.3
1650,The Elder Scrolls Online: Tamriel Unlimited,MMO,M,Xbox One,Bethesda Softworks,ZeniMax Online Studios,1.38,0.86,0.39,,0.13,2015,,
1655,Titanfall 2,Shooter,M,Xbox One,Electronic Arts,Respawn Entertainment,1.37,0.88,0.37,,0.13,2016,87.0,8.0
1701,Watch Dogs 2,Action,,Xbox One,Ubisoft,Ubisoft,1.35,0.71,0.53,,0.12,2016,83.0,7.7
1750,FIFA 14,Sports,E,Xbox One,EA Sports,EA Canada,1.31,0.44,0.78,,0.1,2013,88.0,5.8
1825,Destiny: The Taken King,Shooter,T,Xbox One,Activision,Bungie,1.27,0.91,0.23,,0.12,2015,89.0,5.2
1873,Battlefield: Hardline,Shooter,M,Xbox One,Electronic Arts,EA DICE,1.24,0.73,0.39,0.01,0.11,2015,71.0,5.1
2006,Sunset Overdrive,Action,M,Xbox One,Microsoft Studios,Insomniac Games,1.16,0.64,0.42,0.0,0.1,2014,81.0,7.7
2045,Middle-Earth: Shadow of War,Action,M,Xbox One,Warner Bros. Interactive Entertainment,Monolith Productions,1.15,0.75,0.29,,0.11,2017,,
2046,Lego Marvel Super Heroes,Action,E10,Xbox One,Warner Bros. Interactive Entertainment,Traveller's Tales,1.15,0.61,0.44,,0.1,2013,,
2071,Final Fantasy XV,Role-Playing,T,Xbox One,Square Enix,Square Enix,1.14,0.72,0.3,0.01,0.11,2016,,
2133,Mafia III,Action-Adventure,M,Xbox One,2K Games,Hangar 13,1.11,0.54,0.48,,0.09,2016,67.0,4.6
2318,Diablo III: Ultimate Evil Edition,Role-Playing,M,Xbox One,Blizzard Entertainment,Blizzard Entertainment,1.04,0.62,0.32,,0.09,2014,,
2324,Resident Evil VII: Biohazard,Action,M,Xbox One,Capcom,Capcom,1.04,,,,,2017,,
2367,Just Cause 3,Action-Adventure,M,Xbox One,Square Enix,Avalanche Studios,1.01,0.52,0.41,,0.09,2015,71.0,7.0
2374,Dark Souls III,Role-Playing,M,Xbox One,Namco Bandai Games,From Software,1.01,,,,,2016,87.0,8.6
2385,Far Cry: Primal,Action-Adventure,M,Xbox One,Ubisoft,Ubisoft Montreal,1.0,0.51,0.41,,0.09,2016,77.0,6.4
2407,Forza Motorsport 6,Racing,E,Xbox One,Microsoft Studios,Turn 10 Studios,1.0,,,,,2015,87.0,7.9
2420,Rise of the Tomb Raider,Adventure,T,Xbox One,Square Enix,Crystal Dynamics,1.0,,,,,2015,86.0,8.0
2455,Dragon Age: Inquisition,Role-Playing,M,Xbox One,Electronic Arts,BioWare Edmonton,0.99,0.63,0.27,0.0,0.09,2014,85.0,6.9
2511,Sea of Thieves,Action-Adventure,T,Xbox One,Microsoft Studios,Rare Ltd.,0.96,0.6,0.27,,0.09,2018,,
2575,NBA 2K14,Sports,E,Xbox One,2K Sports,Visual Concepts,0.94,0.72,0.12,,0.09,2013,86.0,5.7
2594,Fallout 76,Role-Playing,M,Xbox One,Bethesda Softworks,Bethesda Game Studios,0.93,0.59,0.26,,0.09,2018,,
2609,Monster Hunter: World,Action,T,Xbox One,Capcom,Capcom,0.93,0.67,0.17,,0.09,2018,,
2694,Injustice 2,Fighting,T,Xbox One,Warner Bros. Interactive Entertainment,NetherRealm Studios,0.89,0.65,0.16,,0.09,2017,,
2785,For Honor,Action,M,Xbox One,Ubisoft,Ubisoft Montreal,0.87,0.57,0.21,,0.08,2017,,
2788,Dead Rising 4,Action-Adventure,M,Xbox One,Microsoft Studios,Capcom,0.87,,,,,2016,,
2798,Dishonored 2,Action,,Xbox One,Bethesda Softworks,Arkane Studios,0.86,0.47,0.31,,0.08,2016,88.0,6.8
2801,Plants vs. Zombies: Garden Warfare 2,Shooter,E10,Xbox One,Electronic Arts,PopCap Games,0.86,0.47,0.32,,0.08,2016,80.0,8.1
2869,Madden NFL 25,Sports,E,Xbox One,EA Sports,EA Tiburon,0.83,0.69,0.06,,0.09,2013,73.0,5.9
2879,Metal Gear Solid V: The Phantom Pain,Action,M,Xbox One,Konami Digital Entertainment,Kojima Productions,0.83,0.49,0.25,0.02,0.07,2015,95.0,7.3
2897,Guitar Hero Live,Music,T,Xbox One,Activision,FreeStyleGames,0.83,0.52,0.23,,0.08,2015,81.0,5.1
3029,Shadow of the Tomb Raider,Action-Adventure,M,Xbox One,Square Enix,Eidos Montreal,0.78,0.46,0.25,,0.07,2018,,
3036,LEGO Jurassic World,Action,E10,Xbox One,Warner Bros. Interactive Entertainment,Traveller's Tales,0.78,0.44,0.27,,0.07,2015,70.0,6.7
3054,Rare Replay,Misc,M,Xbox One,Microsoft Studios,Rare Ltd.,0.78,0.42,0.27,0.01,0.07,2015,84.0,7.7
3060,Mass Effect: Andromeda,Role-Playing,M,Xbox One,Electronic Arts,BioWare Corp.,0.78,0.5,0.2,,0.07,2017,,
3068,Minecraft: Story Mode,Adventure,E10,Xbox One,Mojang,Telltale Games,0.77,0.46,0.24,,0.07,2015,,
3086,Fortnite,Action,T,Xbox One,Gearbox Software,Epic Games,0.77,0.6,0.09,,0.08,2017,,
3144,Quantum Break,Action,M,Xbox One,Microsoft Studios,Remedy Entertainment,0.76,0.42,0.25,0.02,0.07,2016,77.0,6.8
3150,Wolfenstein: The New Order,Shooter,M,Xbox One,Bethesda Softworks,MachineGames,0.75,0.39,0.3,,0.06,2014,79.0,7.8
3173,Rock Band 4,Music,T,Xbox One,Harmonix Music Systems,Harmonix Music Systems,0.75,0.62,0.05,,0.08,2015,79.0,6.4
3210,Need for Speed (2015),Racing,T,Xbox One,Electronic Arts,Ghost Games,0.74,0.35,0.33,,0.06,2015,,
3233,The Sims 4,Simulation,T,Xbox One,Electronic Arts,Maxis,0.73,0.42,0.24,,0.07,2017,,
3239,Need for Speed: Payback,Racing,T,Xbox One,Electronic Arts,Ghost Games,0.73,0.42,0.24,,0.07,2017,,
3286,LEGO Dimensions,Action,E10,Xbox One,Warner Bros. Interactive Entertainment,Traveller's Tales,0.72,0.47,0.18,,0.07,2015,80.0,6.9
3307,The Crew,Racing,T,Xbox One,Ubisoft,Ubisoft Reflections,0.71,0.32,0.34,,0.06,2014,64.0,5.9
3340,Plants vs Zombies: Garden Warfare,Shooter,E10,Xbox One,Electronic Arts,PopCap Games,0.71,0.39,0.25,0.0,0.06,2014,,
3368,Need for Speed Rivals,Racing,E10,Xbox One,Electronic Arts,Ghost Games,0.7,0.45,0.19,,0.07,2013,75.0,5.8
3377,Wolfenstein II: The New Colossus,Shooter,,Xbox One,Bethesda Softworks,MachineGames,0.7,0.45,0.19,,0.07,2017,,
3405,The Evil Within,Misc,M,Xbox One,Bethesda Softworks,Tango Gameworks,0.69,0.36,0.27,0.0,0.06,2014,79.0,7.3
3428,LEGO Worlds,Misc,,Xbox One,Warner Bros. Interactive Entertainment,Traveller's Tales,0.69,0.28,0.35,,0.05,2017,,
3439,Borderlands: The Handsome Collection,Shooter,,Xbox One,2K Games,Gearbox Software,0.68,0.49,0.13,,0.07,2015,80.0,7.8
3505,Evolve,Shooter,M,Xbox One,2K Games,Turtle Rock Studios,0.67,0.4,0.2,,0.06,2015,74.0,5.1
3522,WWE 2K18,Sports,,Xbox One,2K Sports,Yuke's,0.66,0.35,0.25,,0.06,2017,,
3561,Tomb Raider: Definitive Edition,Action-Adventure,M,Xbox One,Square Enix,Crystal Dynamics,0.66,0.38,0.22,,0.06,2014,,
3564,Spyro Reignited Trilogy,Platform,,Xbox One,Activision,Toys for Bob,0.65,0.36,0.24,,0.06,2018,,
3573,The LEGO Movie Videogame,Action-Adventure,E10,Xbox One,Warner Bros. Interactive Entertainment,TT Fusion,0.65,0.42,0.17,,0.06,2014,69.0,6.9
3584,Crash Bandicoot N. Sane Trilogy,Platform,E10,Xbox One,Activision,Vicarious Visions,0.65,0.23,0.37,,0.05,2018,,
3667,WWE 2K16,Sports,T,Xbox One,Take-Two Interactive,Yuke's,0.63,0.34,0.24,,0.06,2015,72.0,5.7
3713,Kinect Sports Rivals,Sports,E10,Xbox One,Microsoft Studios,Rare Ltd.,0.62,0.3,0.25,0.02,0.05,2014,60.0,5.1
3738,South Park: The Fractured But Whole,Role-Playing,M,Xbox One,Ubisoft,Ubisoft San Francisco,0.62,0.4,0.17,,0.06,2017,,
3782,WWE 2K15,Sports,T,Xbox One,2K Sports,Visual Concepts,0.61,0.32,0.23,,0.05,2014,56.0,5.7
3805,EA Sports UFC 2,Sports,T,Xbox One,EA Sports,EA Canada,0.61,0.36,0.19,,0.06,2016,76.0,6.0
3855,NHL 17,Sports,,Xbox One,EA Sports,EA Canada,0.6,0.52,0.01,,0.06,2016,77.0,4.0
3958,Tekken 7,Fighting,T,Xbox One,Namco Bandai Games,Namco Bandai Games,0.58,0.3,0.23,,0.05,2017,,
4033,LEGO Marvel Super Heroes 2,Action,E10,Xbox One,Warner Bros. Interactive Entertainment,Traveller's Tales,0.57,0.32,0.2,,0.05,2017,,
4063,WWE 2K17,Sports,T,Xbox One,2K Games,Yuke's,0.57,0.26,0.26,,0.05,2016,68.0,5.5
4180,Disney Infinity 2.0: Marvel Super Heroes,Action-Adventure,E10,Xbox One,Disney Interactive Studios,Avalanche Software,0.55,0.35,0.15,,0.05,2014,,
4269,Just Dance 2015,Music,E10,Xbox One,Ubisoft,Ubisoft Paris,0.54,0.36,0.13,,0.05,2014,70.0,7.5
4402,Dragon Ball FighterZ,Fighting,T,Xbox One,Namco Bandai Games,Arc System Works,0.52,0.38,0.09,,0.05,2018,,
4425,Alien: Isolation,Adventure,M,Xbox One,Sega,Creative Assembly,0.52,0.23,0.25,,0.04,2014,78.0,7.8
4467,Halo Wars 2,Strategy,T,Xbox One,Microsoft Studios,Creative Assembly,0.51,0.31,0.15,,0.05,2017,,
4514,NHL 16,Sports,,Xbox One,EA Sports,EA Canada,0.51,0.41,0.05,,0.05,2015,80.0,6.0
4569,Lego Star Wars: The Force Awakens,Action-Adventure,E10,Xbox One,Warner Bros. Interactive Entertainment,TT Fusion,0.5,0.24,0.22,,0.04,2016,76.0,7.0
4581,Mad Max (2013),Action,M,Xbox One,Warner Bros. Interactive Entertainment,Avalanche Studios,0.5,0.29,0.16,,0.05,2015,,
4704,LEGO Marvel's Avengers,Action,E10,Xbox One,Warner Bros. Interactive Entertainment,Traveller's Tales,0.48,0.26,0.18,,0.04,2016,71.0,5.1
4707,WWE 2K19,Fighting,,Xbox One,2K Sports,Visual Concepts,0.48,0.3,0.14,,0.04,2018,,
4718,Zoo Tycoon (2013),Simulation,E,Xbox One,Microsoft Studios,Frontier Developments,0.48,0.25,0.18,,0.04,2013,,
4736,Steep,Sports,,Xbox One,Ubisoft,Ubisoft Annecy,0.48,0.24,0.2,,0.04,2016,,
4742,Thief,Action,M,Xbox One,Square Enix,Eidos Montreal,0.48,0.26,0.17,,0.04,2014,,
4759,Just Dance 2014,Music,E10,Xbox One,Ubisoft,Ubisoft Paris,0.48,0.31,0.12,,0.04,2013,71.0,7.0
4760,EA Sports UFC,Fighting,T,Xbox One,Electronic Arts,EA Canada,0.48,0.3,0.13,,0.04,2014,70.0,6.3
4762,BioShock: The Collection,Shooter,M,Xbox One,2K Games,"Blind Squirrel Digital, Inc",0.48,0.35,0.08,,0.05,2016,,
4791,Dragon Ball: Xenoverse 2,Action,T,Xbox One,Namco Bandai Games,Dimps Corporation,0.47,0.33,0.09,,0.05,2016,73.0,7.3
4868,Disney Infinity 3.0,Action,E,Xbox One,Disney Interactive Studios,Avalanche Software,0.46,0.3,0.12,,0.04,2015,,
4897,State of Decay 2,Action-Adventure,M,Xbox One,Microsoft Studios,Undead Labs,0.46,0.27,0.14,,0.04,2018,,
5008,Prey (2017),Shooter,M,Xbox One,Bethesda Softworks,Arkane Studios,0.45,0.21,0.2,,0.04,2017,,
5020,Skylanders: Trap Team,Platform,E10,Xbox One,Activision,Toys for Bob,0.45,0.34,0.07,,0.04,2014,,
5068,Lego Batman 3: Beyond Gotham,Action,E10,Xbox One,Warner Bros. Interactive Entertainment,Traveller's Tales,0.44,0.24,0.17,,0.04,2014,74.0,7.1
5087,EA Sports UFC 3,Sports,T,Xbox One,EA Sports,EA Vancouver,0.44,0.3,0.1,,0.04,2018,,
5194,Rocksmith 2014,Music,T,Xbox One,Ubisoft,Ubisoft San Francisco,0.43,0.31,0.08,,0.04,2016,,
5224,Sniper Elite III,Shooter,M,Xbox One,505 Games,Rebellion Developments,0.43,0.27,0.12,,0.04,2014,,
5238,Hello Neighbor,Action,E10,Xbox One,Gearbox Software,Dynamic Pixels,0.42,0.27,0.11,,0.04,2017,,
5284,NHL 15,Sports,E10,Xbox One,EA Sports,EA Canada,0.42,0.32,0.06,,0.04,2014,59.0,3.2
5402,Project CARS,Racing,E,Xbox One,Bandai Namco Games,Slightly Mad Studios,0.41,0.21,0.16,,0.04,2015,81.0,5.8
5447,Destiny: The Collection,Shooter,T,Xbox One,Activision,Bungie,0.41,0.25,0.12,,0.04,2016,,
5464,Skylanders: SuperChargers,Action-Adventure,E10,Xbox One,Activision,Vicarious Visions,0.4,0.31,0.05,,0.04,2015,76.0,5.5
5597,Deus Ex: Mankind Divided,Role-Playing,M,Xbox One,Square Enix,Eidos Montreal,0.39,0.25,0.11,,0.04,2016,83.0,7.2
5602,NHL 18,Sports,,Xbox One,EA Sports,EA Canada,0.39,0.32,0.03,,0.04,2017,,
5632,The Evil Within 2,Action,M,Xbox One,Bethesda Softworks,Tango Gameworks,0.39,0.25,0.1,,0.04,2017,,
5719,Rayman Legends,Platform,E10,Xbox One,Ubisoft,Ubisoft Montpellier,0.38,0.13,0.22,,0.03,2014,91.0,7.9
5740,Just Dance 2016,Music,E10,Xbox One,Ubisoft,Ubisoft Paris,0.38,0.3,0.04,,0.04,2015,66.0,6.1
6027,Skylanders SWAP Force,Misc,,Xbox One,Activision,Unknown,0.35,0.25,0.07,,0.03,2013,,5.5
6088,Naruto Shippuden: Ultimate Ninja Storm 4,Fighting,T,Xbox One,Namco Bandai Games,CyberConnect2,0.35,0.25,0.07,,0.03,2016,81.0,8.5
6090,Dragon Ball: Xenoverse,Fighting,T,Xbox One,Namco Bandai Games,Dimps Corporation,0.35,0.21,0.11,,0.03,2015,,
6128,Marvel vs. Capcom: Infinite,Fighting,T,Xbox One,Capcom,Capcom,0.34,0.26,0.05,,0.03,2017,,
6136,Just Dance 2017,Music,E10,Xbox One,Ubisoft,Ubisoft Paris,0.34,0.25,0.05,,0.03,2016,75.0,8.0
6249,The Lego Ninjago Movie Videogame,Action,E10,Xbox One,Warner Bros. Interactive Entertainment,Traveller's Tales,0.33,0.21,0.09,,0.03,2017,,
6284,The Crew 2,Racing,T,Xbox One,Ubisoft,Ivory Tower,0.33,0.2,0.1,,0.03,2018,,
6324,Farming Simulator 17,Simulation,E,Xbox One,Focus Home Interactive,Giants Software,0.33,0.19,0.11,,0.03,2016,65.0,
6415,LEGO The Incredibles,Action,E10,Xbox One,Warner Bros. Interactive Entertainment,Traveller's Tales,0.32,0.19,0.1,,0.03,2018,,
6466,Farming Simulator 19,Simulation,E,Xbox One,Focus Home Interactive,Giants Software,0.32,0.19,0.09,,0.03,2018,,
6532,METRO Redux,Shooter,M,Xbox One,Deep Silver,4a-games,0.31,0.15,0.14,,0.03,2014,,
6602,Hitman,Action,M,Xbox One,Square Enix,IO Interactive,0.31,0.2,0.08,,0.03,2017,,
6720,LEGO City Undercover,Platform,E10,Xbox One,Warner Bros. Interactive Entertainment,TT Fusion,0.3,0.15,0.12,,0.03,2017,,
6733,SoulCalibur VI,Fighting,T,Xbox One,Bandai Namco Games,Project Soul,0.3,0.26,0.01,,0.03,2018,,
6754,LEGO DC Super-Villains,Action-Adventure,,Xbox One,Warner Bros. Interactive Entertainment,Traveller's Tales,0.3,0.2,0.07,,0.03,2018,,
6757,Final Fantasy Type-0 HD,Role-Playing,M,Xbox One,Square Enix,Square Enix,0.3,0.2,0.07,,0.03,2015,,
6799,Sniper Elite 4,Shooter,M,Xbox One,Rebellion Developments,Rebellion Developments,0.3,0.18,0.09,,0.03,2017,,
6869,NHL 19,Sports,,Xbox One,EA Sports,EA Canada,0.29,0.26,,,0.03,2018,,
6969,Just Cause 4,Action-Adventure,M,Xbox One,Square Enix,Avalanche Studios,0.29,0.17,0.09,,0.03,2018,,
6975,Sonic Forces,Platform,E10,Xbox One,Sega,Sonic Team,0.29,0.15,0.11,,0.03,2017,,
7009,Dark Souls II: Scholar of the First Sin,Role-Playing,,Xbox One,Namco Bandai Games,From Software,0.28,0.19,0.07,,0.03,2015,,
7106,Battleborn,Shooter,,Xbox One,2K Games,Gearbox Software,0.28,0.2,0.05,,0.03,2016,71.0,7.2
7135,Rory McIlroy PGA Tour,Sports,E,Xbox One,Electronic Arts,EA Tiburon,0.28,0.16,0.09,,0.02,2015,60.0,4.3
7187,Assassin's Creed The Ezio Collection,Action,,Xbox One,Ubisoft,Ubisoft,0.27,0.13,0.12,,0.02,2016,74.0,7.6
7191,LEGO The Hobbit,Action-Adventure,E10,Xbox One,Warner Bros. Interactive Entertainment,Traveller's Tales,0.27,0.13,0.13,,0.02,2014,69.0,6.8
7196,Metal Gear Solid V: Ground Zeroes,Action-Adventure,M,Xbox One,Konami Digital Entertainment,Kojima Productions,0.27,0.13,0.13,,0.02,2014,76.0,5.4
7321,Minecraft: Story Mode - Season Two,Adventure,E10,Xbox One,Telltale Games,Telltale Games,0.27,0.17,0.08,,0.02,2017,,
7329,Skylanders Imaginators,Platform,E10,Xbox One,Activision,Toys for Bob,0.27,0.19,0.05,,0.03,2016,78.0,6.0
7373,Friday the 13th: The Game,Action,M,Xbox One,Gun Media,IllFonic,0.27,0.21,0.03,,0.03,2017,,
7382,Mega Man Legacy Collection,Platform,E,Xbox One,Capcom,Digital Eclipse Software,0.27,,,,,2015,,
7511,Jurassic World Evolution,Simulation,,Xbox One,Frontier Developments,Frontier Developments,0.26,0.15,0.09,,0.02,2018,,
7560,ReCore,Action-Adventure,T,Xbox One,Microsoft Studios,Armature Studio,0.26,0.16,0.06,0.01,0.02,2016,63.0,6.6
7582,F1 2015,Racing,,Xbox One,Codemasters,Codemasters Birmingham,0.25,0.09,0.15,,0.02,2015,64.0,5.3
7604,L.A. Noire,Adventure,M,Xbox One,Rockstar Games,Team Bondi,0.25,0.14,0.09,,0.02,2017,,
7677,Trials Fusion,Racing,E10,Xbox One,Ubisoft,RedLynx,0.25,0.12,0.1,,0.02,2015,80.0,7.1
7830,Call of Duty: Modern Warfare Remastered,Shooter,M,Xbox One,Activision,Infinity Ward,0.24,0.16,0.06,,0.02,2017,,
7848,Zumba Fitness: World Party,Misc,E,Xbox One,Majesco Entertainment,Zoe Mode,0.24,0.17,0.05,,0.02,2013,73.0,6.2
7873,Saints Row IV: Re-Elected,Action,M,Xbox One,Deep Silver,Volition Inc.,0.24,0.13,0.09,,0.02,2015,,
7881,Farming Simulator 2015,Simulation,E,Xbox One,Focus Home Interactive,Giants Software,0.24,0.13,0.09,,0.02,2015,,
7951,A Way Out,Action,M,Xbox One,Electronic Arts,Hazelight,0.24,0.17,0.05,,0.02,2018,,
7958,NBA Live 14,Sports,E,Xbox One,EA Sports,EA Tiburon,0.24,0.19,0.02,,0.02,2013,36.0,3.1
8007,Payday 2,Shooter,M,Xbox One,505 Games,Overkill Software,0.23,0.14,0.07,,0.02,2015,,
8200,No Man's Sky,Action-Adventure,T,Xbox One,505 Games,Hello Games,0.23,0.17,0.04,,0.02,2018,,
8217,DiRT 4,Racing,T,Xbox One,Deep Silver,Codemasters,0.23,0.11,0.1,,0.02,2017,,
8254,NBA Live 15,Sports,E,Xbox One,Electronic Arts,EA Tiburon,0.22,0.18,0.02,,0.02,2014,53.0,6.8
8280,F1 2016,Racing,,Xbox One,Codemasters,Codemasters,0.22,0.09,0.12,,0.02,2016,,
8313,Deadpool,Action,M,Xbox One,Activision,High Moon Studios,0.22,0.17,0.03,,0.02,2015,,5.7
8325,The Amazing Spider-Man 2 (2014),Action-Adventure,T,Xbox One,Activision,Beenox,0.22,0.12,0.08,,0.02,2014,,
8333,Kingdom Come: Deliverance,Role-Playing,M,Xbox One,Deep Silver,Warhorse Studios,0.22,0.14,0.06,,0.02,2018,,
8354,LEGO Harry Potter Collection,Action,E10,Xbox One,Warner Bros. Interactive Entertainment,Traveller's Tales,0.22,0.14,0.06,,0.02,2018,,
8367,Lords of the Fallen,Role-Playing,M,Xbox One,Namco Bandai Games,DECK13 Interactive,0.22,0.1,0.1,,0.02,2014,71.0,6.7
8368,Hitman 2,Action-Adventure,M,Xbox One,Warner Bros. Interactive Entertainment,IO Interactive,0.22,0.14,0.06,,0.02,2018,,
8427,Super Lucky's Tale,Platform,E,Xbox One,Microsoft Studios,Playful Corp.,0.22,0.13,0.07,,0.02,2017,,
8441,DiRT Rally,Racing,,Xbox One,Codemasters,Codemasters,0.21,0.12,0.08,,0.02,2016,86.0,8.0
8499,Just Dance 2018,Music,E10,Xbox One,Ubisoft,Ubisoft Paris,0.21,0.15,0.04,,0.02,2017,,
8504,Homefront: The Revolution,Shooter,M,Xbox One,Deep Silver,Dambuster Studios,0.21,0.1,0.09,,0.02,2016,49.0,4.1
8596,State of Decay: Year One Survival Edition,Action-Adventure,M,Xbox One,Microsoft Studios,Undead Labs,0.21,0.14,0.05,,0.02,2015,,
8635,NBA Live 18,Sports,E,Xbox One,EA Sports,EA Sports,0.21,0.18,,,0.02,2017,,
8643,theHunter: Call of the Wild,Shooter,T,Xbox One,THQ Nordic,Expansive Worlds,0.21,0.18,,,0.02,2017,,
8828,Sleeping Dogs: Definitive Edition,Action-Adventure,M,Xbox One,Square Enix,United Front Games,0.2,0.1,0.09,,0.02,2014,,
8829,Project CARS 2,Racing,,Xbox One,Namco Bandai Games,Slightly Mad Studios,0.2,0.01,0.18,,0.01,2017,,
8918,Batman: Return to Arkham,Action,T,Xbox One,Warner Bros. Interactive Entertainment,Rocksteady Studios,0.2,0.12,0.06,,0.02,2016,77.0,8.2
8963,Dishonored: Definitive Edition,Action,M,Xbox One,Bethesda Softworks,Arkane Studios,0.19,0.13,0.05,,0.02,2015,,
8967,One Piece: Burning Blood,Fighting,T,Xbox One,Namco Bandai Games,Spike Chunsoft,0.19,0.11,0.07,,0.02,2016,60.0,5.8
9125,Fantasia: Music Evolved,Music,E10,Xbox One,Disney Interactive Studios,Harmonix Music Systems,0.19,0.14,0.03,,0.02,2014,77.0,7.5
9172,Mirror's Edge Catalyst,Platform,T,Xbox One,Electronic Arts,EA DICE,0.19,0.11,0.06,,0.02,2016,72.0,4.4
9223,Naruto to Boruto: Shinobi Striker,Action,T,Xbox One,Bandai Namco Games,Soleil Software Studio Inc.,0.19,0.17,,,0.02,2018,,
9224,XCOM 2,Strategy,T,Xbox One,2K Games,Firaxis Games,0.19,0.15,0.02,,0.02,2016,87.0,8.1
9230,F1 2017,Racing,E,Xbox One,Deep Silver,Codemasters,0.19,0.04,0.13,,0.01,2017,,
9257,Shape Up,Sports,E,Xbox One,Ubisoft,Ubisoft Montreal,0.18,0.08,0.09,,0.01,2014,58.0,8.3
9435,Cities: Skylines,Simulation,E,Xbox One,Koch Media,Colossal Order,0.18,0.13,0.03,,0.02,2017,,
9465,Sniper: Ghost Warrior 3,Shooter,M,Xbox One,City Interactive,City Interactive,0.18,0.11,0.05,,0.02,2017,,
9502,Project Spark,Misc,E10,Xbox One,Microsoft Studios,Team Dakota,0.17,0.11,0.05,,0.02,2014,73.0,7.0
9564,Rush: A Disney Pixar Adventure,Adventure,E10,Xbox One,Microsoft Studios,Asobo Studio,0.17,0.15,,,0.02,2017,,
9699,Fighter Within,Fighting,T,Xbox One,Ubisoft,Daoka,0.17,0.08,0.07,,0.01,2013,23.0,3.0
9764,F1 2018,Racing,E,Xbox One,Codemasters,Codemasters Birmingham,0.17,0.05,0.1,,0.01,2018,,
9781,Murdered: Soul Suspect,Action-Adventure,M,Xbox One,Square Enix,Airtight Games,0.17,0.08,0.07,,0.01,2014,51.0,7.0
9818,Pac-Man Championship Edition 2 + Arcade Game Series,Action,E,Xbox One,Namco Bandai Games,Namco Bandai Games,0.16,0.15,,,0.02,2016,,
9883,Angry Birds: Star Wars,Puzzle,E,Xbox One,Activision,Exient Entertainment,0.16,0.11,0.04,,0.02,2013,,
9907,Little Nightmares,Platform,T,Xbox One,Namco Bandai Games,Tarsier Studios,0.16,0.12,0.03,,0.02,2017,,
10031,The Walking Dead: Season One,Adventure,,Xbox One,Telltale Games,Telltale Games,0.16,0.08,0.06,,0.01,2014,,
10044,Bendy and the Ink Machine,Puzzle,T,Xbox One,Rooster Teeth Games,TheMeatly Games,0.16,0.14,,,0.02,2018,,
10170,Wolfenstein: The Old Blood,Shooter,M,Xbox One,Bethesda Softworks,MachineGames,0.15,0.07,0.07,,0.01,2015,75.0,8.0
10173,Just Dance 2019,Music,E,Xbox One,Ubisoft,Ubisoft Paris,0.15,0.13,0.01,,0.02,2018,,
10261,Pro Evolution Soccer 2015,Sports,E,Xbox One,Konami Digital Entertainment,PES Productions,0.15,0.04,0.1,,0.01,2014,79.0,7.3
10265,Transformer: Rise of the Dark Spark,Shooter,T,Xbox One,Activision,Edge of Reality,0.15,0.1,0.03,,0.01,2014,,
10308,NBA Live 19,Sports,,Xbox One,Electronic Arts,EA Tiburon,0.15,0.13,,,0.02,2018,,
10345,The Escapists 2,Action,T,Xbox One,Sold Out,Team17 Software,0.15,0.05,0.08,,0.01,2017,,
10346,Transformers: Devastation,Action,T,Xbox One,Activision,PlatinumGames,0.15,0.1,0.04,,0.01,2015,75.0,7.9
10389,Spintires: MudRunner,Simulation,E,Xbox One,Focus Home Interactive,Saber Interactive,0.15,0.11,0.02,,0.01,2017,,
10443,DmC Devil May Cry: Definitive Edition,Action,M,Xbox One,Capcom,QLOC,0.15,0.09,0.04,,0.01,2015,,
10444,Attack on Titan,Action,M,Xbox One,Tecmo Koei,Omega Force,0.15,0.06,0.07,,0.01,2016,,
10533,Tony Hawk's Pro Skater 5,Sports,T,Xbox One,Activision,Robomodo,0.14,0.11,0.02,,0.01,2015,39.0,2.1
10555,Naruto Shippuden: Ultimate Ninja Storm Legacy,Fighting,,Xbox One,Namco Bandai Games,CyberConnect2,0.14,0.11,0.02,,0.01,2017,,
10667,The Walking Dead: Season Two,Misc,,Xbox One,Telltale Games,Unknown,0.14,0.08,0.05,,0.01,2014,,
10730,Resident Evil: Revelations 2,Action,M,Xbox One,Capcom,Capcom,0.14,0.1,0.02,,0.01,2015,75.0,7.5
10736,Dishonored: Death of the Outsider,Action,M,Xbox One,Bethesda Softworks,Arkane Studios,0.14,0.07,0.06,,0.01,2017,,
10756,Ultimate Marvel vs. Capcom 3,Fighting,,Xbox One,Capcom,Capcom,0.14,0.12,,,0.01,2017,,
10762,My Hero One's Justice,Fighting,T,Xbox One,Bandai Namco Entertainment,Byking,0.14,0.12,,,0.01,2018,,
10832,The Elder Scrolls Online: Morrowind,MMO,M,Xbox One,Bethesda Softworks,ZeniMax Online Studios,0.14,0.09,0.03,,0.01,2017,,
10955,R.B.I. Baseball 18,Sports,,Xbox One,MLB Advanced Media,MLB Advanced Media,0.13,0.12,,,0.01,2018,,
10992,Destiny 2: Forsaken,Shooter,,Xbox One,Activision,Bungie,0.13,0.08,0.04,,0.01,2018,,
11016,Hasbro Family Fun Pack,Misc,E10,Xbox One,Ubisoft,Ubisoft,0.13,0.1,0.02,,0.01,2015,,
11033,Rocksmith 2014 Edition Remastered,Music,T,Xbox One,Ubisoft,Ubisoft,0.13,0.12,,,0.01,2016,,
11055,Song of the Deep,Action,,Xbox One,Insomniac Games,Insomniac Games,0.13,0.12,,,0.01,2016,66.0,6.9
11105,NBA Live 16,Sports,E,Xbox One,EA Sports,EA Tiburon,0.13,0.11,0.01,,0.01,2015,60.0,5.6
11151,Outlast Trinity,Action,,Xbox One,Warner Bros. Interactive Entertainment,Red Barrels,0.13,0.1,0.02,,0.01,2017,,
11165,Sonic Mania,Platform,E,Xbox One,Sega,PagodaWest Games,0.13,0.09,0.03,,0.01,2017,,
11373,Dead by Daylight,Action,M,Xbox One,505 Games,Behaviour Interactive Inc.,0.12,0.08,0.03,,0.01,2017,,
11377,Darksiders III,Action,M,Xbox One,THQ Nordic,Gunfire Games,0.12,0.11,,,0.01,2018,,
11389,Vampyr,Role-Playing,M,Xbox One,Focus Home Interactive,DONTNOD Entertainment,0.12,0.07,0.04,,0.01,2018,,
11392,The Walking Dead - The Telltale Series: A New Frontier,Adventure,,Xbox One,Warner Bros. Interactive Entertainment,Telltale Games,0.12,0.1,0.01,,0.01,2017,,
11396,NASCAR Heat 2,Racing,E,Xbox One,704Games,Monster Games,0.12,0.11,,,0.01,2017,,
11411,Life is Strange,Adventure,M,Xbox One,Square Enix,DONTNOD Entertainment,0.12,0.08,0.03,,0.01,2016,85.0,8.7
11456,Wolfenstein The Two Pack,Shooter,M,Xbox One,Bethesda Softworks,MachineGames,0.12,0.11,,,0.01,2017,,
11462,The Surge,Action,M,Xbox One,Focus Home Interactive,DECK13 Interactive,0.12,0.07,0.04,,0.01,2017,,
11503,Naruto Shippuden Ultimate Ninja Storm 4: Road to Boruto,Fighting,T,Xbox One,Namco Bandai Games,CyberConnect2,0.12,0.11,,,0.01,2017,,
11510,Pro Evolution Soccer 2016,Sports,E,Xbox One,Konami Digital Entertainment,PES Productions,0.12,0.05,0.06,,0.01,2015,85.0,6.2
11532,Pro Evolution Soccer 2018,Sports,E,Xbox One,Konami Digital Entertainment,Konami Digital Entertainment,0.12,0.06,0.05,,0.01,2017,,
11541,7 Days to Die,Action,M,Xbox One,Telltale Games,The Fun Pimps,0.12,0.09,0.02,,0.01,2016,35.0,5.2
11591,Zombie Army Trilogy,Shooter,M,Xbox One,Rebellion Developments,Rebellion Developments,0.12,0.05,0.05,,0.01,2015,62.0,7.2
11849,The Elder Scrolls Online: Summerset,MMO,M,Xbox One,Bethesda Softworks,ZeniMax Online Studios,0.11,0.09,0.01,,0.01,2018,,
11869,Prototype: Biohazard Bundle,Action,,Xbox One,Activision,Activision,0.11,0.1,,,0.01,2016,56.0,3.1
11897,Ride,Racing,E,Xbox One,Milestone S.r.l.,Milestone S.r.l.,0.11,0.05,0.05,,0.01,2015,54.0,5.3
11925,Agents of Mayhem,Action,M,Xbox One,Deep Silver,Volition Inc.,0.11,0.07,0.03,,0.01,2017,,
12003,Burnout Paradise Remastered,Racing,E10,Xbox One,Electronic Arts,Stellar Entertainment,0.11,0.06,0.04,,0.01,2018,,
12017,Metal Gear Solid V: The Definitive Experience,Action,M,Xbox One,Konami Digital Entertainment,Kojima Productions,0.11,0.1,,,0.01,2016,,
12054,Killer Instinct (2013),Fighting,T,Xbox One,Microsoft Studios,Iron Galaxy,0.11,0.07,0.03,,0.01,2014,,
12135,Dark Souls: Remastered,Role-Playing,M,Xbox One,Bandai Namco Entertainment,From Software,0.11,0.07,0.03,,0.01,2018,,
12302,MXGP 2,Racing,E,Xbox One,Milestone S.r.l,Milestone S.r.l.,0.1,0.07,0.02,,0.01,2016,,
12328,NASCAR Heat 3,Racing,,Xbox One,704Games,Monster Games,0.1,0.09,,,0.01,2018,,
12352,Starlink: Battle for Atlas,Action-Adventure,E10,Xbox One,Ubisoft,Ubisoft Toronto,0.1,0.09,,,0.01,2018,,
12402,NASCAR Heat Evolution,Racing,,Xbox One,Dusenberry Martin Racing,Monster Games,0.1,0.09,,,0.01,2016,,1.6
12458,TrackMania Turbo,Racing,E,Xbox One,Ubisoft,Nadeo,0.1,0.05,0.04,,0.01,2016,76.0,7.7
12466,Divinity: Original Sin,Role-Playing,,Xbox One,Focus Home Interactive,Larian Studios,0.1,0.06,0.03,,0.01,2015,,
12543,Sega Genesis Classics,Misc,T,Xbox One,Sega,Sega,0.1,0.06,0.03,,0.01,2018,,
12555,Dead or Alive 5 Last Round,Fighting,M,Xbox One,Tecmo Koei,Team Ninja,0.1,0.05,0.03,0.01,0.01,2015,,
12562,Pro Evolution Soccer 2017,Sports,E,Xbox One,Konami Digital Entertainment,PES Productions,0.1,0.05,0.03,,0.01,2016,87.0,6.1
12579,Resident Evil: Origins Collection,Action-Adventure,M,Xbox One,Capcom,Capcom,0.1,0.07,0.02,,0.01,2016,,
12587,Sword Art Online: Fatal Bullet,Role-Playing,T,Xbox One,Namco Bandai Games,Dimps Corporation,0.1,0.09,,,0.01,2018,,
12630,Yooka-Laylee,Platform,E10,Xbox One,Sold Out,Playtonic Games,0.1,0.05,0.04,,0.01,2017,,
12631,Real Farm,Simulation,E,Xbox One,Soedesco,Triangle Studios,0.1,0.08,,,0.01,2017,,
12638,Slime Rancher,Simulation,E10,Xbox One,Skybound Games,Monomi Park,0.1,0.08,,,0.01,2018,,
12657,Nickelodeon Kart Racers,Racing,E,Xbox One,GameMill Entertainment,Solutions 2 Go,0.09,0.08,,,0.01,2018,,
12668,We Happy Few,Action-Adventure,M,Xbox One,Gearbox Software,Compulsion Games,0.09,0.07,0.01,,0.01,2018,,
12669,Duke Nukem 3D: 20th Anniversary World Tour,Shooter,M,Xbox One,Gearbox Software,Gearbox Software,0.09,0.08,,,0.01,2016,70.0,
12938,Life Is Strange: Before the Storm,Adventure,M,Xbox One,Square Enix,Deck Nine,0.09,0.07,0.0,,0.01,2018,,
12953,The Wolf Among Us,Adventure,,Xbox One,Telltale Games,Telltale Games,0.09,0.06,0.02,,0.01,2014,,8.5
12989,Attack on Titan 2,Action,M,Xbox One,Koei Tecmo,Omega Force,0.09,0.08,,,0.01,2018,,
13018,Rugby 15,Sports,E,Xbox One,Maximum Games,HB Studios,0.09,0.03,0.05,,0.01,2015,20.0,3.1
13049,MXGP 3: The Official Motocross Videogame,Racing,E,Xbox One,Milestone,Milestone,0.09,0.06,0.02,,0.01,2017,,
13091,Bladestorm: Nightmare,Action,T,Xbox One,Tecmo Koei,Omega Force,0.08,0.06,0.02,,0.01,2015,48.0,7.1
13107,Monster Energy Supercross - The Official Videogame,Racing,E,Xbox One,Milestone S.r.l.,Milestone S.r.l.,0.08,0.08,,,0.01,2018,,
13108,America's Greatest Game Shows: Wheel of Fortune & Jeopardy!,Misc,E,Xbox One,Ubisoft,Ubisoft,0.08,0.08,,,0.01,2017,,
13137,TT Isle of Man: Ride on the Edge,Racing,E,Xbox One,Big Ben Interactive,Kylotonn,0.08,0.05,0.03,,0.01,2018,,
13160,Dead Island Definitive Collection,Action,,Xbox One,Deep Silver,Techland,0.08,0.05,0.03,,0.01,2016,67.0,4.9
13161,Ride 2,Racing,E,Xbox One,Milestone S.r.l,Milestone S.r.l.,0.08,0.06,0.01,,0.01,2017,,8.2
13178,Elite: Dangerous,Simulation,T,Xbox One,Frontier Developments,Frontier Developments,0.08,0.07,,,0.01,2017,,
13187,Just Dance: Disney Party 2,Music,E,Xbox One,Ubisoft,Ubisoft San Francisco,0.08,0.06,0.01,,0.01,2015,,
13255,Bulletstorm: Full Clip Edition,Shooter,M,Xbox One,Gearbox Software,People Can Fly,0.08,0.06,0.01,,0.01,2017,,
13330,Micro Machines: World Series,Racing,,Xbox One,Codemasters,Codemasters,0.08,0.02,0.05,,0.01,2017,,
13345,Darksiders II: Deathinitive Edition,Action-Adventure,M,Xbox One,Nordic Games,Gunfire Games,0.08,0.05,0.03,,0.01,2015,,
13346,Dynasty Warriors 9,Action,T,Xbox One,Tecmo Koei,Omega Force,0.08,0.06,0.01,,0.01,2018,,
13361,Sherlock Holmes: Crimes & Punishments,Adventure,M,Xbox One,Focus Home Interactive,Frogwares,0.08,0.03,0.04,,0.01,2014,,
13400,Overcooked! 2,Simulation,,Xbox One,Sold Out,Ghost Town Games,0.08,0.07,0.0,,0.01,2018,,
13449,MX vs ATV All Out,Racing,E10,Xbox One,THQ Nordic,Rainbow Studios,0.08,0.07,,,0.01,2018,,
13450,Toy Soldiers: War Chest,Action,T,Xbox One,Ubisoft,Signal Studios,0.08,0.07,,,0.01,2015,60.0,8.4
13495,BlazBlue: Chrono Phantasma Extend,Fighting,T,Xbox One,Arc System Works,Arc System Works,0.08,0.06,0.01,,0.01,2015,,6.3
13603,Metal Gear Survive,Action,M,Xbox One,Konami Digital Entertainment,Konami Digital Entertainment,0.08,0.05,0.01,,0.01,2018,,
13611,Shovel Knight,Platform,E,Xbox One,Yacht Club Games,Yacht Club Games,0.08,,,,,2015,,
13644,The Golf Club,Sports,E,Xbox One,Maximum Games,HB Studios,0.07,0.07,,,0.01,2015,64.0,5.4
13688,Batman: A Telltale Game Series,Adventure,M,Xbox One,Telltale Games,Telltale Games,0.07,0.06,0.01,,0.01,2016,,4.3
13690,Constructor HD,Strategy,,Xbox One,Deep Silver,System 3,0.07,0.07,,,0.01,2017,,
13717,Teenage Mutant Ninja Turtles: Mutants in Manhattan,Action,T,Xbox One,Activision,PlatinumGames,0.07,0.05,0.01,,0.01,2016,55.0,6.0
13832,Valentino Rossi: The Game,Racing,,Xbox One,Namco Bandai Games,Milestone S.r.l.,0.07,0.05,0.02,,0.01,2016,74.0,8.1
13873,Disneyland Adventures,Action-Adventure,E10,Xbox One,Microsoft Studios,Asobo Studio,0.07,0.05,0.01,,0.01,2017,,
13915,Shenmue I & II,Action-Adventure,T,Xbox One,Sega,Sega,0.07,0.05,0.01,,0.01,2018,,
13917,Dynasty Warriors 8: Empires,Action,,Xbox One,Tecmo Koei,Omega Force,0.07,0.04,0.02,,0.01,2015,58.0,6.8
13969,Subnautica,Adventure,,Xbox One,Gearbox Software,Unknown Worlds Entertainment,0.07,0.06,,,0.01,2018,,
14040,Resident Evil 6,Shooter,M,Xbox One,Capcom,Capcom,0.07,0.06,,,0.01,2016,63.0,6.3
14042,Street Fighter 30th Anniversary Collection,Fighting,T,Xbox One,Capcom,Capcom,0.07,0.05,0.01,,0.01,2018,,
14057,Ghostbusters (2016),Action,E10,Xbox One,Activision,FireForge Games,0.07,0.06,,,0.01,2016,,
14131,Hello Neighbor: Hide & Seek,Adventure,T,Xbox One,Gearbox Software,Dynamic Pixels,0.07,0.06,,,0.01,2018,,
14175,R.B.I. Baseball 2017,Sports,E,Xbox One,MLB.com,MLB.com,0.07,0.06,,,0.01,2017,,
14176,Spintires: MudRunner - American Wilds,Racing,E,Xbox One,Focus Home Interactive,Saber Interactive,0.07,0.06,,,0.01,2018,,
14225,Aven Colony,Strategy,E10,Xbox One,Sold Out,Mothership Entertainment,0.06,0.06,,,0.01,2017,,
14230,Adventure Time: Finn & Jake Investigations,Action,E10,Xbox One,Little Orbit,Vicious Cycle,0.06,0.04,0.02,,0.01,2015,,
14287,Atari Flashback Classics: Volume 1,Misc,,Xbox One,Atari,Atari,0.06,0.06,,,0.01,2016,,
14302,MotoGP 17,Racing,E,Xbox One,Koch Media,Milestone S.r.l.,0.06,0.04,0.02,,0.01,2017,,
14325,Mega Man 11,Platform,,Xbox One,Capcom,Capcom,0.06,0.06,,,0.01,2018,,
14378,Wasteland 2,Role-Playing,,Xbox One,Deep Silver,InXile Entertainment,0.06,0.05,0.01,,0.01,2015,77.0,7.1
14384,Conan Exiles,Action-Adventure,,Xbox One,Maximum Games,Funcom Oslo A/S,0.06,0.05,0.01,,0.01,2018,,
14400,MX vs ATV Supercross Encore 2017 Track Edition,Racing,E,Xbox One,THQ Nordic,Rainbow Studios,0.06,0.05,,,0.01,2017,,
14418,NBA 2K Playgrounds 2,Sports,,Xbox One,2K Games,Saber Interactive,0.06,0.05,,,0.01,2018,,
14442,Cartoon Network Battle Crashers,Action,E10,Xbox One,GameMill,Magic Pockets,0.06,0.05,0.01,,0.01,2016,,
14461,Hasbro Family Fun Pack Conquest Edition,Misc,,Xbox One,Ubisoft,Ubisoft,0.06,0.05,,,0.01,2016,,
14473,Sherlock Holmes: The Devil's Daughter,Adventure,T,Xbox One,Bigben Interactive,Bigben Interactive,0.06,0.05,,,0.01,2016,,
14487,MX vs. ATV Supercross Encore,Sports,E,Xbox One,Nordic Games,Rainbow Studios,0.06,0.05,,,0.01,2015,45.0,
14506,Killing Floor 2,Shooter,M,Xbox One,Tripwire Interactive,Tripwire Interactive,0.06,0.05,,,0.01,2017,,
14540,R.B.I. Baseball 2016,Sports,E,Xbox One,MLB.com,MLB.com,0.06,0.05,,,0.01,2016,,
14575,Okami HD,Action,T,Xbox One,Capcom,Clover Studio,0.06,0.05,,,0.01,2017,,
14637,Rapala Fishing Pro Series,Simulation,E,Xbox One,GameMill,"Concrete Software, Inc.",0.06,0.05,,,0.01,2017,,
14655,Arslan: The Warriors of Legend,Action,T,Xbox One,Tecmo Koei,Koei Tecmo Games,0.06,0.05,0.0,,0.01,2016,,5.8
14672,Golf Club 2,Sports,E,Xbox One,Maximum Games,HB Studios,0.06,0.05,,,0.01,2017,,
14677,Mark McMorris Infinite Air,Sports,T,Xbox One,Maximum Games,HB Studios,0.06,0.05,,,0.01,2016,,7.1
14764,Atari Flashback Classics: Volume 2,Misc,E,Xbox One,Atari,Atari,0.06,0.05,,,0.01,2016,,
14791,Hunting Simulator,Shooter,T,Xbox One,Bigben Interactive,Maximum Games,0.06,0.05,,,0.01,2017,,
14808,Styx: Shards of Darkness,Action,M,Xbox One,Focus Home Interactive,Cyanide Studio,0.06,0.05,,,0.01,2017,,
14827,The Invisible Hours,Adventure,T,Xbox One,Tequila Works,Tequila Works,0.05,0.05,,,0.01,2018,,
14852,Marvel's Guardians of the Galaxy: The Telltale Series,Adventure,T,Xbox One,Warner Bros. Interactive Entertainment,Telltale Games,0.05,0.05,,,0.01,2017,,
14875,Call of Cthulhu,Role-Playing,M,Xbox One,Focus Home Interactive,Cyanide,0.05,0.05,,,0.01,2018,,
14895,Baja: Edge of Control HD,Racing,E,Xbox One,THQ Nordic,2XL Games,0.05,0.05,,,0.01,2017,,
14957,The Long Dark,Simulation,T,Xbox One,Skybound Games,Hinterland Studio Inc.,0.05,0.05,,,0.01,2018,,
14982,Pro Evolution Soccer 2019,Sports,E,Xbox One,Konami,Konami,0.05,0.02,0.02,,0.0,2018,,
14990,Strange Brigade,Shooter,,Xbox One,Rebellion Developments,Rebellion Developments,0.05,0.04,0.01,,0.01,2018,,
15011,Agatha Christie's The ABC Murders,Adventure,T,Xbox One,Unfinished Pixel,Artefacts Studio,0.05,0.04,0.0,,0.01,2016,66.0,7.5
15041,Brothers: A Tale of Two Sons,Adventure,T,Xbox One,505 Games,Starbreeze Studios,0.05,0.04,0.01,,0.01,2015,81.0,8.9
15093,Golf Club 2019,Sports,,Xbox One,2K Games,HB Studios,0.05,0.05,,,0.01,2018,,
15120,The Banner Saga Trilogy - Bonus Edition,Strategy,,Xbox One,505 Games,Stoic Studio,0.05,0.05,,,0.01,2018,,
15124,The Walking Dead: A Telltale Series Collection,Adventure,,Xbox One,Warner Bros. Interactive Entertainment,Telltale Games,0.05,0.05,,,0.01,2017,,
15173,Rugby 18,Sports,E,Xbox One,Koch Media,EKO Software,0.05,0.04,,,0.01,2017,,
15175,Has-Been Heroes,Action,,Xbox One,GameTrust,Frozenbyte,0.05,0.04,,,0.01,2017,,
15180,Deformers,Action,,Xbox One,Ready at Dawn,Ready at Dawn,0.05,0.04,,,0.01,2017,,
15188,Extinction,Action,M,Xbox One,Maximum Games,Iron Galaxy,0.05,0.04,,,0.01,2018,,
15214,Resident Evil 4,Action-Adventure,M,Xbox One,Capcom,Capcom,0.05,0.04,,,0.01,2016,,
15229,The Technomancer,Role-Playing,M,Xbox One,Focus Home Interactive,Spiders,0.05,0.03,0.02,,0.0,2016,68.0,7.4
15237,Surviving Mars,Simulation,,Xbox One,Maximum Games,Haemimont Games,0.05,0.04,,,0.01,2018,,
15242,Cars 3: Driven to Win,Racing,E10,Xbox One,Warner Bros. Interactive Entertainment,Avalanche Software,0.05,0.04,,,0.01,2017,,
15257,Red Faction: Guerrilla Re-Mars-tered,Shooter,,Xbox One,THQ Nordic,Volition,0.05,0.04,0.01,,0.0,2018,,
15320,Pillars of Eternity,Role-Playing,M,Xbox One,Paradox Interactive,Obsidian Entertainment,0.05,0.04,,,0.01,2017,,
15335,Just Sing,Music,E10,Xbox One,Ubisoft,Ubisoft,0.05,0.04,,,0.01,2016,,
15336,Carnival Games,Party,E10,Xbox One,2K Games,Cat Daddy Games,0.05,0.04,,,0.01,2018,,
15349,Mighty No. 9,Platform,E10,Xbox One,Eidos Interactive Ltd,Comcept,0.05,0.04,,,0.01,2015,55.0,4.2
15359,Batman: The Enemy Within,Adventure,M,Xbox One,Telltale Games,Telltale Games,0.05,0.04,,,0.01,2017,,
15364,WRC 7,Racing,E,Xbox One,Bigben Interactive,Kylotonn Entertainment,0.05,0.04,,,0.01,2017,,
15403,King's Quest: The Complete Collection,Adventure,E10,Xbox One,Activision,The Odd Gentlemen,0.05,0.04,,,0.01,2016,,
15407,Fishing Sim World,Simulation,E,Xbox One,Dovetail Games,Dovetail Games,0.05,0.04,,,0.01,2018,,
15414,Ashes Cricket,Sports,,Xbox One,Koch Media,Big Ant Studios,0.05,,0.04,,0.0,2017,,
15421,Marvel Pinball: Epic Collection Volume 1,Puzzle,E10,Xbox One,Nighthawk Interactive,Nighthawk Interactive,0.05,0.04,,,0.01,2016,,
15425,Atari Flashback Classics: Volume 3,Misc,,Xbox One,Funbox Media,Atari,0.05,0.04,,,0.01,2018,,
15451,Gravel,Racing,,Xbox One,Milestone S.r.l.,Milestone S.r.l,0.05,0.04,,,0.0,2018,,
15565,Road Rage,Racing,,Xbox One,Maximum Games,Team 6 Games Studio,0.04,0.04,,,0.0,2017,,
15606,Devil May Cry HD Collection,Action,,Xbox One,Capcom,Capcom,0.04,0.04,,,0.0,2018,,
15618,Paw Patrol on a Roll,Platform,E,Xbox One,Outright Games,Outright Games,0.04,0.04,,,0.0,2018,,
15652,Dragon's Dogma: Dark Arisen,Role-Playing,M,Xbox One,Capcom,Capcom,0.04,0.04,,,0.0,2017,,
15661,Deer Hunter Reloaded,Shooter,,Xbox One,GameMill Entertainment,GameMill,0.04,0.04,,,0.0,2017,,
15668,Overcooked,Action,E,Xbox One,Sold Out,Ghost Town Games,0.04,0.04,,,0.0,2016,,
15681,Hotel Transylvania 3: Monsters Overboard,Action-Adventure,E10,Xbox One,Outright Games,Torus Games,0.04,0.04,,,0.0,2018,,
15698,Resident Evil 5,Action,M,Xbox One,Capcom,Capcom,0.04,0.04,,,0.0,2016,,
15704,Darksiders: Warmastered Edition,Action-Adventure,M,Xbox One,THQ Nordic,Kaiko,0.04,0.04,,,0.0,2016,80.0,7.9
15717,Valkyria Revolution,Role-Playing,T,Xbox One,Sega,Media.Vision,0.04,0.04,,,0.0,2017,,
15739,Adventure Time: Pirates of the Enchiridion,Adventure,E10,Xbox One,Outright Games,Outright Games,0.04,0.04,,,0.0,2018,,
15805,Game of Thrones: A Telltale Games Series,Adventure,M,Xbox One,Telltale Games,Telltale Games,0.04,0.04,,,0.0,2014,,
15828,Scribblenauts Mega Pack,Adventure,E10,Xbox One,Warner Bros. Interactive Entertainment,Shiver Games,0.04,0.04,,,0.0,2018,,
15845,Terraria,Action,T,Xbox One,505 Games,Re-Logic,0.04,,0.04,,0.0,2014,84.0,7.7
15863,Mega Man X Legacy Collection 1+2,Platform,,Xbox One,Capcom Entertainment,Digital Eclipse Software,0.04,0.04,,,0.0,2018,,
15881,Elex,Role-Playing,M,Xbox One,THQ Nordic,Piranha Bytes,0.04,0.04,,,0.0,2017,,
15899,Dark Souls Trilogy,Action,,Xbox One,Namco Bandai,From Software,0.04,0.04,,,0.0,2018,,
15919,Battle Chasers: Nightwar,Role-Playing,T,Xbox One,THQ Nordic,Airship Syndicate,0.04,0.04,,,0.0,2017,,
15921,Don't Starve: Giant Edition,Adventure,T,Xbox One,505 Games,Klei Entertainment,0.04,0.04,,,0.0,2018,,
15950,Mutant Football League: Dynasty Edition,Sports,M,Xbox One,Nighthawk Interactive,Digital Dreams,0.04,0.03,,,0.0,2018,,
15973,Dead Rising 2,Action,,Xbox One,Capcom,Capcom,0.04,0.03,,,0.0,2016,,
15979,Don Bradman Cricket 14,Sports,,Xbox One,Tru Blu Entertainment,Big Ant Studios,0.04,,0.04,,0.0,2015,,
15983,Shadows Awakening,Role-Playing,,Xbox One,Kalypso Media,Games Farm,0.04,0.03,,,0.0,2018,,
16039,Monster Jam: Crush It,Racing,,Xbox One,GameMill,GameMill,0.04,0.03,,,0.0,2017,,
16047,Shadow Warrior (2013),Shooter,M,Xbox One,Devolver Digital,Flying Wild Hog,0.04,,0.04,,0.0,2014,,
16054,Dead Alliance,Shooter,M,Xbox One,Maximum Games,IllFonic,0.04,0.03,,,0.0,2017,,
16081,Warriors Orochi 3,Action,T,Xbox One,Tecmo Koei,Omega Force,0.04,0.01,0.03,,0.0,2014,,
16125,Dead Rising,Action,,Xbox One,Capcom,Capcom Production Studio 1,0.04,0.03,,,0.0,2016,,8.8
16130,Assassin's Creed Rogue Remastered,Action-Adventure,,Xbox One,Ubisoft,Ubisoft,0.04,,0.03,,0.0,2018,,
16132,Valkyria Chronicles 4,Role-Playing,T,Xbox One,Sega,Sega,0.04,0.03,,,0.0,2018,,
16223,Scribblenauts: Showdown,Platform,E10,Xbox One,Warner Bros. Interactive,Shiver Games,0.04,0.03,,,0.0,2018,,
16268,Sine Mora EX,Action,M,Xbox One,THQ Nordic,Digital Reality,0.04,0.03,,,0.0,2017,,
16274,Warriors Orochi 4,Action,T,Xbox One,Koei Tecmo,Omega Force,0.04,0.03,,,0.0,2018,,
16286,Tennis World Tour,Sports,E,Xbox One,Bigben Interactive,Breakpoint Studio,0.04,0.03,,,0.0,2018,,
16312,WRC 6,Racing,E,Xbox One,Namco Bandai Games,Bigben Interactive,0.03,0.03,,,0.0,2017,,
16367,Onrush,Racing,,Xbox One,Deep Silver,Codemasters,0.03,0.03,,,0.0,2018,,
16460,Earthfall,Action-Adventure,,Xbox One,Gearbox Software,Holospark,0.03,0.03,,,0.0,2018,,
16481,Ride 3,Racing,E,Xbox One,Bandai Namco Entertainment,Milestone S.r.l.,0.03,0.03,,,0.0,2018,,
16484,8-Bit Armies,Strategy,E10,Xbox One,Soedesco,Petroglyph Games,0.03,0.03,,,0.0,2018,,
16490,Immortal Unchained,Role-Playing,,Xbox One,Sold Out,Toadman Interactive,0.03,0.03,,,0.0,2018,,
16507,Railway Empire,Simulation,E,Xbox One,Kalypso Media,Gaming Minds Studios,0.03,0.03,,,0.0,2018,,
16512,MXGP Pro,Racing,,Xbox One,Milestone S.r.l.,Milestone S.r.l.,0.03,0.03,,,0.0,2018,,
16541,Black Mirror,Adventure,M,Xbox One,THQ Nordic,KING Art Games,0.03,0.03,,,0.0,2017,,
16553,Pure Farming 2018,Simulation,E,Xbox One,Techland,Ice Flames,0.03,0.03,,,0.0,2018,,
16606,World of Final Fantasy Maxima,Role-Playing,,Xbox One,Square Enix,Square Enix,0.03,0.03,,,0.0,2018,,
16613,MotoGP 15,Racing,,Xbox One,Milestone S.r.l.,Milestone S.r.l.,0.03,,0.03,,0.0,2015,65.0,
16618,Raid: World War II,Shooter,M,Xbox One,505 Games,Lion Game Lion,0.03,0.03,,,0.0,2017,,
16628,Train Sim World,Simulation,,Xbox One,Maximum Games,Dovetail Games,0.03,0.03,,,0.0,2018,,
16666,Divinity: Original Sin II,Role-Playing,,Xbox One,Bandai Namco Entertainment,Larian Studios,0.03,0.03,,,0.0,2018,,
16668,Super Bomberman R,Puzzle,E10,Xbox One,Konami Digital Entertainment,HexaDrive,0.03,0.03,,,0.0,2018,,
16744,Carmageddon: Max Damage,Action,,Xbox One,Stainless Games,Stainless Games,0.03,0.02,0.01,,0.0,2017,52.0,7.1
16801,INSIDE / LIMBO Double Pack,Platform,,Xbox One,505 Games,Playdead,0.03,0.03,,,0.0,2017,,
16899,Warhammer: The End Times - Vermintide,Action,M,Xbox One,Games Workshop,Fatshark,0.03,0.03,,,0.0,2016,,
16943,Stardew Valley,Simulation,E10,Xbox One,505 Games,ConcernedApe,0.03,0.02,,,0.0,2017,,
16962,Shining Resonance Refrain,Role-Playing,T,Xbox One,Sega,Media.Vision,0.03,0.02,,,0.0,2018,,
17017,Beast Quest,Action-Adventure,E10,Xbox One,Maximum Games,Torus Games,0.03,0.02,,,0.0,2018,,
17027,Ben 10 (2017),Action,E10,Xbox One,Outright Games,Torus Games,0.03,0.02,,,0.0,2017,,
17051,The Raven Remastered,Adventure,T,Xbox One,THQ Nordic,KING Art Games,0.03,0.02,,,0.0,2018,,
17066,The Pillars of the Earth,Adventure,M,Xbox One,Kalypso Media,Daedalic Entertainment,0.03,0.02,,,0.0,2017,,
17069,Hellblade: Senua's Sacrifice,Action-Adventure,M,Xbox One,Microsoft Studios,Ninja Theory,0.03,0.02,,,0.0,2018,,
17100,Rime,Adventure,E10,Xbox One,Grey Box,Tequila Works,0.03,0.02,,,0.0,2017,,
17339,Worms: WMD,Strategy,E10,Xbox One,Team17 Digital Ltd,Team17 Digital Ltd,0.02,0.02,,,0.0,2016,75.0,8.1
17384,Syberia III,Adventure,T,Xbox One,Microids,Unknown,0.02,0.02,,,0.0,2017,,
17402,Agony,Action-Adventure,,Xbox One,Maximum Games,Madmind Studio,0.02,0.02,,,0.0,2018,,
17413,Moto Racer 4,Racing,,Xbox One,Microids,Microids,0.02,0.02,,,0.0,2017,,
17417,Sudden Strike 4,Strategy,T,Xbox One,Kalypso Media,Kite Games,0.02,0.02,,,0.0,2018,,
17449,Bridge Constructor Portal,Puzzle,,Xbox One,Nighthawk Interactive,ClockStone,0.02,0.02,,,0.0,2018,,
17469,Rugby League Live 4,Sports,,Xbox One,Tru Blu Entertainment,Big Ant Studios,0.02,,0.02,,0.0,2017,,
17473,ABZU,Adventure,E,Xbox One,505 Games,Giant Squid Studios,0.02,0.02,,,0.0,2017,,
17476,Pharaonic,Action,M,Xbox One,Soedesco,Milkstone Studios,0.02,0.02,,,0.0,2017,,
17479,ATV Drift & Tricks,Racing,E,Xbox One,Microids,Artefacts Studio,0.02,0.02,,,0.0,2018,,
17485,Titan Quest,Action,T,Xbox One,THQ Nordic,THQ Nordic,0.02,0.02,,,0.0,2018,,
17495,Geometry Wars 3: Dimensions Evolved,Action,,Xbox One,Activision,Unknown,0.02,0.02,,,0.0,2016,,
17512,Override: Mech City Brawl,Action-Adventure,T,Xbox One,Modus Games,The Balance Inc,0.02,0.02,,,0.0,2018,,
17513,Resident Evil: Revelations,Action,M,Xbox One,Capcom,Capcom,0.02,0.02,,,0.0,2017,,
17527,Broken Sword 5: The Serpent's Curse,Adventure,M,Xbox One,Revolution Software,Revolution Software,0.02,,0.02,,0.0,2015,77.0,7.2
17537,Rugby World Cup 2015,Sports,,Xbox One,Big Ben Interactive,HB Studios,0.02,,0.02,,0.0,2015,,4.3
17540,The Crew: Wild Run,Racing,T,Xbox One,Ubisoft,Ivory Tower,0.02,,0.02,,0.0,2015,65.0,6.6
17570,Prison Architect,Simulation,M,Xbox One,Introversion Software,Introversion Software,0.02,0.02,,,0.0,2016,74.0,6.7
17575,South Park: The Stick of Truth,Role-Playing,M,Xbox One,Ubisoft,Obsidian Entertainment,0.02,0.02,,,0.0,2018,,
17609,The Dwarves,Role-Playing,,Xbox One,THQ Nordic,KING Art Games,0.02,0.02,,,0.0,2016,,
17680,Big Buck Hunter Arcade,Shooter,T,Xbox One,GameMill,GameMill Entertainment,0.02,0.02,,,0.0,2017,,
17700,8 to Glory: The Official Game of the PBR,Sports,E,Xbox One,THQ Nordic,Three Gates,0.02,0.02,,,0.0,2018,,
17856,This Is the Police 2,Strategy,M,Xbox One,THQ Nordic,Weappy Studio,0.02,0.02,,,0.0,2018,,
17883,Redout,Racing,E,Xbox One,505 Games,Nicalis,0.02,0.02,,,0.0,2017,,
17888,Troll and I,Action,T,Xbox One,Maximum Games,Spiral House,0.02,0.02,,,0.0,2017,,
17904,Portal Knights,Role-Playing,E10,Xbox One,505 Games,Keen Games,0.02,0.02,,,0.0,2017,,
17918,Past Cure,Action,M,Xbox One,Phantom 8 Studio,Phantom 8 Studio,0.02,0.02,,,0.0,2018,,
17960,Shaq-Fu: A Legend Reborn,Action,T,Xbox One,Wired Productions,Big Deez Productions,0.02,0.02,,,0.0,2018,,
17962,Psycho-Pass: Mandatory Happiness,Visual Novel,,Xbox One,5pb,5pb. Inc.,0.02,,,0.02,,2015,,
18020,Space Hulk Tactics,Strategy,,Xbox One,Focus Home Interactive,Cyanide,0.02,0.02,,,0.0,2018,,
18034,Tropico 5,Simulation,T,Xbox One,Kalypso Media,Haemimont Games,0.02,0.02,,,0.0,2016,,
18037,Back to the Future: The Game,Adventure,T,Xbox One,Telltale Games,Telltale Games,0.02,,0.02,,0.0,2015,,7.3
18082,Saints Row: Gat out of Hell,Action,,Xbox One,Deep Silver,Volition Inc.,0.02,,0.02,,0.0,2015,65.0,6.0
18089,Mega Man Legacy Collection 2,Action,E10,Xbox One,Capcom,Capcom,0.02,0.02,,,0.0,2017,,
18105,Dungeons 3,Strategy,T,Xbox One,Kalypso Media,Realmforge Studios,0.02,0.02,,,0.0,2017,,
18141,Rad Rodgers,Platform,,Xbox One,THQ Nordic,3D Realms,0.02,0.02,,,0.0,2018,,
18178,Blackguards 2,Strategy,M,Xbox One,Kalypso Media,Daedalic Entertainment,0.02,0.02,,,0.0,2017,,
18216,Rogue Trooper Redux,Shooter,T,Xbox One,Rebellion,TickTock Games,0.02,0.02,,,0.0,2017,,
18225,"Warhammer 40,000: Inquisitor - Martyr",Action,M,Xbox One,Neocore Games,Neocore Games,0.02,0.02,,,0.0,2018,,
18258,Vikings: Wolves of Midgard,Action,M,Xbox One,Kalypso Media,Games Farm,0.02,0.01,,,0.0,2017,,
18377,The Inner World: The Last Wind Monk,Puzzle,E10,Xbox One,Kalypso Media,Studio Fizbin,0.02,0.01,,,0.0,2017,,
18393,Assetto Corsa,Racing,E,Xbox One,505 Games,Kunos Simulazioni,0.02,,0.01,,0.0,2016,63.0,6.7
18410,Le Tour de France 2017,Simulation,,Xbox One,Focus Home Interactive,Cyanide Studio,0.02,,0.01,,0.0,2017,,
18422,Crayola Scoot,Sports,E,Xbox One,Outright Games,Outright Games,0.02,0.01,,,0.0,2018,,
18426,Lock's Quest,Strategy,E10,Xbox One,THQ Nordic,5TH Cell,0.02,0.01,,,0.0,2017,,
18448,Dakar 18,Racing,,Xbox One,Deep Silver,Bigmoon Entertainment,0.02,0.01,,,0.0,2018,,
18475,WRC 5: FIA World Rally Championship,Racing,E,Xbox One,Bigben Interactive,Kylotonn Entertainment,0.02,,0.01,,0.0,2015,,
18479,Yoku's Island Express,Action,E10,Xbox One,Villa Gorilla,Villa Gorilla,0.02,0.01,,,0.0,2018,,
18579,FlatOut 4: Total Insanity,Racing,T,Xbox One,Strategy First,Kylotonn Entertainment,0.01,0.01,,,0.0,2017,,
18588,Tempest 4000,Shooter,,Xbox One,Atari,Llamasoft,0.01,0.01,,,0.0,2018,,
18687,Shadow Tactics: Blades of the Shogun,Strategy,M,Xbox One,Kalypso Media,Mimimi Productions,0.01,0.01,,,0.0,2017,,
18736,The Town of Light,Adventure,,Xbox One,THQ Nordic,LKA,0.01,0.01,,,0.0,2017,,
18762,Goat Simulator: The Bundle,Simulation,,Xbox One,Koch Media,Coffee Stain Studios,0.01,,0.01,,0.0,2016,,
18795,Project Highrise: Architect's Edition,Simulation,E10,Xbox One,Kalypso Media,SomaSim,0.01,0.01,,,0.0,2018,,
18890,Mothergunship,Shooter,,Xbox One,Sold Out,Grip Games,0.01,0.01,,,0.0,2018,,
18934,Rugby League Live 3,Sports,,Xbox One,Tru Blu Entertainment,Big Ant Studios,0.01,,0.01,,0.0,2015,,7.1
19001,Assassin's Creed Chronicles,Action,T,Xbox One,Ubisoft,Climax Studios,0.01,,0.01,,0.0,2016,,6.8
19014,Sebastien Loeb Rally EVO,Racing,E,Xbox One,Square Enix,Milestone S.r.l,0.01,,0.01,,0.0,2016,,
19028,Rugby Challenge 3,Sports,,Xbox One,Alternative Software,Wicked Witch Software,0.01,,0.01,,0.0,2016,,6.6
19031,Rabbids Invasion: The Interactive TV Show,Misc,E,Xbox One,Ubisoft,Ubisoft Paris,0.01,,0.01,,0.0,2014,,
19036,Zombi,Action,M,Xbox One,Ubisoft,Ubisoft Montpellier,0.01,,0.01,,0.0,2016,,
19094,This War of Mine,Action,,Xbox One,11 bit studios,11 bit studios,0.01,,0.01,,0.0,2016,,
19183,Battle Worlds: Kronos,Strategy,E10,Xbox One,Nordic Games,KING Art Games,0.01,0.01,,,0.0,2016,,
19241,ScreamRide,Simulation,E10,Xbox One,Microsoft Studios,Frontier Developments,0.01,,0.01,,0.0,2015,,
19248,Torment: Tides of Numenera,Role-Playing,M,Xbox One,Techland,InXile Entertainment,0.01,0.01,,,0.0,2017,,
19475,V-Rally 4,Racing,E,Xbox One,Bigben Interactive,Kylotonn,0.01,0.01,,,0.0,2018,,
19531,Jagged Alliance: Rage!,Strategy,M,Xbox One,THQ Nordic,Cliffhanger Productions,0.01,0.01,,,0.0,2018,,
19704,Ziggurat,Shooter,,Xbox One,Milkstone Studios,Milkstone Studios,0.01,,0.01,,0.0,2015,,
19806,ATV Renegades,Racing,E,Xbox One,Nighthawk Interactive,Nighthawk Interactive,0.01,0.0,,,0.0,2017,,
19851,This Is The Police,Simulation,M,Xbox One,THQ Nordic,Weappy Studio,0.01,0.0,,,0.0,2017,,
